SMILES,label,MaxAbsEStateIndex,MaxEStateIndex,MinAbsEStateIndex,MinEStateIndex,qed,MolWt,HeavyAtomMolWt,ExactMolWt,NumValenceElectrons,NumRadicalElectrons,MaxPartialCharge,MinPartialCharge,MaxAbsPartialCharge,MinAbsPartialCharge,FpDensityMorgan1,FpDensityMorgan2,FpDensityMorgan3,BCUT2D_MWHI,BCUT2D_MWLOW,BCUT2D_CHGHI,BCUT2D_CHGLO,BCUT2D_LOGPHI,BCUT2D_LOGPLOW,BCUT2D_MRHI,BCUT2D_MRLOW,AvgIpc,BalabanJ,BertzCT,Chi0,Chi0n,Chi0v,Chi1,Chi1n,Chi1v,Chi2n,Chi2v,Chi3n,Chi3v,Chi4n,Chi4v,HallKierAlpha,Ipc,Kappa1,Kappa2,Kappa3,LabuteASA,PEOE_VSA1,PEOE_VSA10,PEOE_VSA11,PEOE_VSA12,PEOE_VSA13,PEOE_VSA14,PEOE_VSA2,PEOE_VSA3,PEOE_VSA4,PEOE_VSA5,PEOE_VSA6,PEOE_VSA7,PEOE_VSA8,PEOE_VSA9,SMR_VSA1,SMR_VSA10,SMR_VSA2,SMR_VSA3,SMR_VSA4,SMR_VSA5,SMR_VSA6,SMR_VSA7,SMR_VSA8,SMR_VSA9,SlogP_VSA1,SlogP_VSA10,SlogP_VSA11,SlogP_VSA12,SlogP_VSA2,SlogP_VSA3,SlogP_VSA4,SlogP_VSA5,SlogP_VSA6,SlogP_VSA7,SlogP_VSA8,SlogP_VSA9,TPSA,EState_VSA1,EState_VSA10,EState_VSA11,EState_VSA2,EState_VSA3,EState_VSA4,EState_VSA5,EState_VSA6,EState_VSA7,EState_VSA8,EState_VSA9,VSA_EState1,VSA_EState10,VSA_EState2,VSA_EState3,VSA_EState4,VSA_EState5,VSA_EState6,VSA_EState7,VSA_EState8,VSA_EState9,FractionCSP3,HeavyAtomCount,NHOHCount,NOCount,NumAliphaticCarbocycles,NumAliphaticHeterocycles,NumAliphaticRings,NumAromaticCarbocycles,NumAromaticHeterocycles,NumAromaticRings,NumHAcceptors,NumHDonors,NumHeteroatoms,NumRotatableBonds,NumSaturatedCarbocycles,NumSaturatedHeterocycles,NumSaturatedRings,RingCount,MolLogP,MolMR,fr_Al_COO,fr_Al_OH,fr_Al_OH_noTert,fr_ArN,fr_Ar_COO,fr_Ar_N,fr_Ar_NH,fr_Ar_OH,fr_COO,fr_COO2,fr_C_O,fr_C_O_noCOO,fr_C_S,fr_HOCCN,fr_Imine,fr_NH0,fr_NH1,fr_NH2,fr_N_O,fr_Ndealkylation1,fr_Ndealkylation2,fr_Nhpyrrole,fr_SH,fr_aldehyde,fr_alkyl_carbamate,fr_alkyl_halide,fr_allylic_oxid,fr_amide,fr_amidine,fr_aniline,fr_aryl_methyl,fr_azide,fr_azo,fr_barbitur,fr_benzene,fr_benzodiazepine,fr_bicyclic,fr_diazo,fr_dihydropyridine,fr_epoxide,fr_ester,fr_ether,fr_furan,fr_guanido,fr_halogen,fr_hdrzine,fr_hdrzone,fr_imidazole,fr_imide,fr_isocyan,fr_isothiocyan,fr_ketone,fr_ketone_Topliss,fr_lactam,fr_lactone,fr_methoxy,fr_morpholine,fr_nitrile,fr_nitro,fr_nitro_arom,fr_nitro_arom_nonortho,fr_nitroso,fr_oxazole,fr_oxime,fr_para_hydroxylation,fr_phenol,fr_phenol_noOrthoHbond,fr_phos_acid,fr_phos_ester,fr_piperdine,fr_piperzine,fr_priamide,fr_prisulfonamd,fr_pyridine,fr_quatN,fr_sulfide,fr_sulfonamd,fr_sulfone,fr_term_acetylene,fr_tetrazole,fr_thiazole,fr_thiocyan,fr_thiophene,fr_unbrch_alkane,fr_urea
CN1C(=O)c2sccc2N(C)c2nc(Nc3ccc(S(N)(=O)=O)cc3)ncc21,0,12.673992760885415,12.673992760885415,0.019217251970679472,-3.752247610439175,0.6716279304644217,416.4880000000001,400.3600000000001,416.07253037199996,144,0,0.2698772381086725,-0.32613038595162025,0.32613038595162025,0.2698772381086725,1.0714285714285714,1.7857142857142858,2.4642857142857144,32.23313339976499,10.298998555033197,2.295591698501025,-2.204618088915943,2.3967661076806452,-2.246917274169993,7.887618961139141,0.09977054938187212,3.1308116581791317,1.6964901217996873,1173.8583296063578,20.05167728494828,14.948897987836157,16.581891149691607,13.253038761063381,8.117034762385968,10.543007051562425,6.15499462828536,8.63253376358823,4.372746897598887,6.193604567748028,2.8696460485009503,4.281575283407682,-3.02,2480542.076775326,18.348280518965602,6.546946280307248,3.0859755274654743,165.04596416707648,15.116608065707286,10.564533468384862,5.817862777835028,15.97163043439408,5.907179729351506,0.0,4.794537184071822,18.540749242884086,4.9839785209472085,11.336785877934737,0.0,35.711898112773966,19.782730240037942,16.779713321814413,13.212334168400758,56.09561764356603,0.0,9.967957041894417,5.138973737607942,4.895483475517775,29.211952031061667,46.78588887808834,0.0,0.0,20.255581803315227,28.828360882872207,0.0,11.336785877934737,38.388277720929246,10.023291153407584,0.0,9.671684377773122,46.80422515990482,0.0,0.0,0.0,121.52,10.023291153407584,13.212334168400758,0.0,10.80266320486928,28.018121801889944,5.687386274683562,28.369429745708434,25.377249691213486,23.394011552455193,15.284745645900749,5.138973737607942,22.72643177625029,1.37901540410129,25.541787161033263,10.008861309128715,1.9704229030148952,0.7765112474239462,7.826297242242964,1.5777031893004114,0.0,-0.2236968991624395,0.11764705882352941,28,3,9,0,1,1,1,2,3,8,2,11,3,0,0,0,4,2.287,108.24540000000002,0,0,0,0,0,2,0,0,0,0,1,1,0,0,0,4,1,1,0,0,0,0,0,0,0,0,0,1,0,5,0,0,0,0,1,0,2,0,0,0,0,0,0,0,0,0,0,0,0,0,0,0,0,0,0,0,0,0,0,0,0,0,0,0,0,0,0,0,0,0,0,0,0,0,0,0,1,0,0,0,0,0,1,0,0
CC(C)CN(CC(C)C)c1ccc(C=C2C(=O)NC(=S)NC2=O)cc1[N+](=O)[O-],0,11.986160919908215,11.986160919908215,0.06343409763246832,-0.6372947414605059,0.23798680578401585,404.49200000000013,380.3000000000001,404.15182624799996,150,0,0.2926200947630444,-0.36547848548782425,0.36547848548782425,0.2926200947630444,1.1071428571428572,1.6428571428571428,2.107142857142857,32.092047298110415,10.050888612502268,2.2652392478019876,-2.2790745284809937,2.311099556607868,-2.5071367681628556,7.799248646847416,-0.38367998495483263,2.5604923250843408,2.454350185074511,816.3354224097723,21.007707210578268,16.31398382083008,17.130480401757808,13.078295155867385,8.998471733487978,9.406720023951841,7.493323281067387,7.9015715715312504,3.9623036919351313,4.166427837167062,2.9696841226323176,3.1550795285816164,-2.8100000000000005,865118.6628608964,21.48962848225898,8.919449457553673,5.352040961397009,168.67457462815108,4.899909730850478,11.26049080475283,5.112436884724758,0.0,17.501745733386574,0.0,30.336969844921878,0.0,0.0,0.0,33.761315867224106,41.759524202361966,19.15587988028676,4.923311048817671,14.512385416961315,46.59546244267547,0.0,10.633577208012662,11.835812092322787,27.694948798762496,17.98942254267563,39.44997549591667,0.0,0.0,15.533486938863138,11.374772549367124,0.0,12.217873443046695,34.93962020407059,9.589074368143644,21.95013036108836,33.25840029045949,23.772205735454097,0.0,6.076020106833881,0.0,104.58000000000001,16.737670507520683,19.703392636909218,0.0,16.37292768947759,36.17616267052849,0.0,12.142387175295491,12.13273413692322,4.899909730850478,38.328526006775164,12.217873443046695,0.0,4.760786668012081,37.22821680827723,16.31365918106254,0.6856932896615446,-0.6104821037825525,4.706849699756446,1.317908163265306,9.597368293747401,0.0,0.42105263157894735,28,2,8,0,1,1,1,0,1,6,2,9,7,0,1,1,2,2.6274999999999995,111.84580000000005,0,0,0,0,0,0,0,0,0,0,2,2,1,0,0,2,2,0,0,0,0,0,0,0,0,0,0,2,0,1,0,0,0,0,1,0,0,0,0,0,0,0,0,0,0,0,0,0,0,0,0,0,0,0,0,0,0,0,1,1,0,0,0,0,0,0,0,0,0,0,0,0,0,0,0,0,0,0,0,0,0,0,0,0,0
NC(=O)Nc1sc(-c2ccc(F)cc2)cc1C(N)=O,0,12.842888094682827,12.842888094682827,0.16956018518518534,-0.7824017384731665,0.8017404583515643,279.29600000000005,269.21599999999995,279.04777578,98,0,0.3167523322989138,-0.3655050078845333,0.3655050078845333,0.3167523322989138,1.1578947368421053,1.7894736842105263,2.3157894736842106,32.133570271198074,10.14043866067368,2.1539425810481942,-1.9852351961510313,2.3475472080194404,-2.2077307671239645,7.195925013615799,0.10012587055174954,2.7279228236727637,2.445262387764664,636.9240947486607,13.991199352633217,9.644161228728198,10.460657809655924,8.96923425058676,5.231546560857511,6.048043141785237,3.7138442549043122,4.766043096227555,2.3630050171042005,3.4625710311728195,1.5352245567481044,2.606946014888994,-2.41,20481.24456013511,13.031875956059329,5.06776102580125,2.885265460507626,111.57696800541297,11.46733495432437,10.818302817733763,0.0,0.0,5.907179729351506,6.031114512338072,10.111325788078153,9.184952231746642,0.0,11.336785877934737,12.13273413692322,23.762552697081826,4.877147193701299,5.563451491696996,13.979489415818463,28.27616209631218,0.0,0.0,11.46733495432437,0.0,5.316788604006331,41.71250767505094,0.0,10.440598685398296,16.784123558330702,14.186034208434508,0.0,11.336785877934737,11.938294241689578,0.0,5.817220841045895,10.357988675768818,30.33183534230805,0.0,10.440598685398296,0.0,98.21000000000001,11.938294241689578,13.979489415818463,0.0,16.381754309430757,10.440598685398296,11.336785877934737,18.19910120538483,12.13273413692322,0.0,5.316788604006331,11.46733495432437,12.842888094682827,1.1398904006046862,22.807104542817022,2.6158749842529607,11.121513251892942,-1.0284472631645243,6.501175988914085,0.0,0.0,0.0,0.0,19,5,5,0,0,0,1,1,2,3,3,7,3,0,0,0,2,2.1437,71.437,0,0,0,0,0,0,0,0,0,0,2,2,0,0,0,0,1,2,0,0,0,0,0,0,0,0,0,3,0,1,0,0,0,0,1,0,0,0,0,0,0,0,0,0,1,0,0,0,0,0,0,0,0,0,0,0,0,0,0,0,0,0,0,0,0,0,0,0,0,0,0,2,0,0,0,0,0,0,0,0,0,0,1,0,1
CC(C)CC(C=O)NC(=O)C(CC(C)C)NC(=O)C(CC(C)C)NC(=O)OCC1=CC=CC=C1,1,13.08697694472902,13.08697694472902,0.08730775944059177,-0.8580856061560429,0.35596462764532816,475.6300000000002,434.3020000000003,475.304621412,190,0,0.4076212881280654,-0.4446757711880547,0.4446757711880547,0.4076212881280654,0.7647058823529411,1.2647058823529411,1.7647058823529411,16.54754892741999,9.990468686279119,2.2899120295916195,-2.2580658114350616,2.106541621201601,-2.5536179288476157,5.916822751659272,-0.13115491182923586,2.755185114556103,2.8401052583948,779.9005823979236,25.672997628507915,21.297871807341018,21.297871807341018,16.01014680844552,12.045411333262624,12.045411333262624,9.959640297771257,9.959640297771257,5.08577841953378,5.08577841953378,3.5248735729173255,3.5248735729173255,-2.899999999999999,12626219.886697628,29.132154340836017,15.089290851936706,11.814856464127601,203.13946558793515,25.481765949890864,24.976724145938395,0.0,11.814359458703011,0.0,6.093240070938415,9.589074368143644,4.794537184071822,0.0,0.0,71.87425854045179,42.5796344989592,0.0,6.041840829147961,23.915011690087336,24.19376005277098,0.0,15.950365812018994,17.75371813848418,85.53729251887856,0.0,35.89528683400505,0.0,0.0,15.950365812018994,4.794537184071822,0.0,0.0,42.319282540214864,25.727356470528434,17.75371813848418,66.36833955861876,30.33183534230805,0.0,0.0,0.0,113.60000000000001,36.03312201708531,19.178148736287287,0.0,24.3606001029971,19.26246486877803,11.849612014826551,0.0,0.0,71.87425854045179,15.950365812018994,4.736862953800049,5.2632239570653585,0.0,49.74169437869678,8.145348692286026,0.8354715741437704,-0.39000462195429964,6.956575177215399,1.3171040274725232,11.797253481741112,0.0,0.6153846153846154,34,3,8,0,0,0,1,0,1,5,3,8,14,0,0,0,1,3.5882000000000014,131.84109999999998,0,0,0,0,0,0,0,0,0,0,4,4,0,0,0,0,3,0,0,0,0,0,0,1,1,0,0,3,0,0,0,0,0,0,1,0,0,0,0,0,0,1,0,0,0,0,0,0,0,0,0,0,0,0,0,0,0,0,0,0,0,0,0,0,0,0,0,0,0,0,0,0,0,0,0,0,0,0,0,0,0,0,0,0,0
CC(=O)O[C@H]1C(=O)[C@@]2(C)[C@H]([C@H](OC(=O)c3ccccc3)[C@]3(O)C[C@H](OC(=O)[C@H](O)[C@@H](NC(=O)c4ccccc4)c4ccccc4)C(C)=C1C3(C)C)[C@]1(OC(C)=O)CO[C@@H]1C[C@@H]2O,0,15.483795019660388,15.483795019660388,0.0028853439807063896,-2.390958146825491,0.12978619445124503,853.918,802.5099999999999,853.330955312,328,0,0.338014232853755,-0.4557369238936237,0.4557369238936237,0.338014232853755,0.8225806451612904,1.403225806451613,1.9516129032258065,16.637262671371772,9.443592633100602,2.780723982858054,-2.6703099251237625,2.6415169563649243,-2.815220388494749,5.9609871937238434,-0.3455531656402164,3.2369337087525145,1.3874476640402011,2280.346269552867,44.94021786308,35.2327485165234,35.2327485165234,29.272289927176118,20.47284995832904,20.47284995832904,17.354040301246407,17.354040301246407,13.479855154842259,13.479855154842259,10.182540514539147,10.182540514539147,-5.739999999999999,19536342594936.66,44.3203576455078,16.512845507693864,7.294407711419627,357.88540739081833,44.32068555752869,23.912949974228596,23.592228532845233,0.0,5.907179729351506,23.877221151807397,19.178148736287287,9.589074368143644,0.0,0.0,80.57751215245895,54.82260322506321,37.667559606327046,35.64903718866435,67.77112005795328,35.56764582752384,0.0,5.316788604006331,16.747886984954953,108.2518072216009,6.606881964512918,118.83206956215372,0.0,0.0,5.316788604006331,0.0,0.0,0.0,105.32000992501608,42.86246350528753,16.747886984954953,86.70533611637835,102.14171508706272,0.0,0.0,0.0,221.28999999999996,112.60409521300997,39.292268104881224,4.794537184071822,35.30081563097146,5.563451491696996,13.847474399381248,25.980208536304467,92.71024628938218,0.0,5.316788604006331,23.684314769000245,30.27238288139993,0.0,83.45331184567334,40.233952430571534,-7.019085032825359,-6.841158827712651,22.937711636968977,-10.511556872841577,7.974441938765803,0.0,0.44680851063829785,62,4,15,3,1,4,3,0,3,14,4,15,10,2,1,3,7,3.7357000000000036,217.69009999999943,0,3,2,0,0,0,0,0,0,0,6,6,0,0,0,0,1,0,0,0,0,0,0,0,0,0,0,1,0,0,0,0,0,0,3,0,5,0,0,0,4,5,0,0,0,0,0,0,0,0,0,1,1,0,0,0,0,0,0,0,0,0,0,0,0,0,0,0,0,0,0,0,0,0,0,0,0,0,0,0,0,0,0,0,0
O=c1c(O)c(-c2ccc(O)c(O)c2)oc2cc(O)ccc12,0,12.082040973796927,12.082040973796927,0.08718227723187999,-0.6538751889644747,0.5106223467843569,286.23900000000003,276.159,286.04773804,106,0,0.23453373936363897,-0.5078219802085129,0.5078219802085129,0.23453373936363897,0.8571428571428571,1.619047619047619,2.3333333333333335,16.358237126849378,10.092356454975265,2.162797611311508,-2.0686599085566137,2.3501869872465866,-2.0185500417910913,5.826681692190765,0.4032376631954274,2.4544886896176776,2.339908290764475,909.9162849554009,15.14589989101247,10.569452578065315,10.569452578065315,9.96923425058676,5.982867370120882,5.982867370120882,4.492873046564493,4.492873046564493,3.089596133392951,3.089596133392951,2.032338164253242,2.032338164253242,-3.15,61045.58819948126,12.862251838410245,4.447829199162572,2.0237234307623813,117.31343579013307,24.843260516416173,11.332531974926148,17.25927108544225,11.178302225184446,0.0,0.0,4.794537184071822,0.0,0.0,0.0,0.0,30.33183534230805,11.629818560158606,5.386224214464796,24.843260516416173,10.969244356107037,0.0,0.0,0.0,0.0,0.0,46.62152998674202,0.0,34.321746243707054,5.428790391900541,0.0,22.99804733313562,0.0,20.426109579362823,0.0,0.0,0.0,45.60989053189483,0.0,22.292943266678478,0.0,111.13000000000001,16.92781405846835,25.220646763434644,0.0,33.791966933246286,0.0,6.06636706846161,30.33183534230805,0.0,0.0,0.0,4.417150937053347,5.4324055177626605,0.0,12.082040973796927,38.295032792450726,-0.3432199546485253,-1.604538979171914,7.638279649810132,0.0,0.0,0.0,0.0,21,4,6,0,0,0,2,1,3,6,4,6,1,0,0,0,3,2.282400000000001,74.5792,0,0,0,0,0,0,0,4,0,0,0,0,0,0,0,0,0,0,0,0,0,0,0,0,0,0,0,0,0,0,0,0,0,0,2,0,1,0,0,0,0,0,0,0,0,0,0,0,0,0,0,0,0,0,0,0,0,0,0,0,0,0,0,0,0,3,3,0,0,0,0,0,0,0,0,0,0,0,0,0,0,0,0,0,0
O=c1[nH]cc(F)c(=O)[nH]1,0,11.984814814814815,11.984814814814815,0.7070370370370369,-1.0011574074074072,0.482564502908463,130.078,127.05399999999999,130.017855556,48,0,0.3253471361874118,-0.3111557027192775,0.3253471361874118,0.3111557027192775,1.4444444444444444,2.111111111111111,2.5555555555555554,19.142219988403866,10.626560738634351,1.930348222011394,-1.806642948396512,1.7353535956112744,-2.229116762015645,4.826193296330203,0.5965732097860831,1.7965675742516067,3.5238977189940166,312.83394095677266,6.8533711511285205,4.271811323126579,4.271811323126579,4.198377302757663,2.1745807961581027,2.1745807961581027,1.4198610557263853,1.4198610557263853,0.7739642065842112,0.7739642065842112,0.3933619097045291,0.3933619097045291,-1.3900000000000001,104.20091930659319,5.741406044678055,1.8479763724759504,1.042170728106469,48.359278684403755,4.9839785209472085,0.0,0.0,5.817220841045895,5.559266895052007,5.689743398203474,9.77851570501903,4.794537184071822,4.39041504767482,0.0,0.0,0.0,6.196843571613076,0.0,4.39041504767482,0.0,0.0,9.967957041894417,0.0,0.0,0.0,32.8521490740581,0.0,0.0,11.24901029325548,4.39041504767482,0.0,0.0,9.967957041894417,0.0,5.817220841045895,0.0,15.785917939756718,0.0,0.0,0.0,65.72,17.066231134301376,13.979489415818463,0.0,0.0,6.196843571613076,0.0,0.0,4.9839785209472085,4.9839785209472085,0.0,0.0,11.984814814814815,0.0,24.005000000000003,0.0,-1.7081944444444441,-0.9911111111111108,0.0,0.7094907407407407,0.0,0.0,0.0,9,2,4,0,0,0,0,1,1,2,2,5,0,0,0,0,1,-0.7977000000000001,27.641399999999994,0,0,0,0,0,2,2,0,0,0,0,0,0,0,0,0,2,0,0,0,0,2,0,0,0,0,0,0,0,0,0,0,0,0,0,0,0,0,0,0,0,0,0,0,1,0,0,0,0,0,0,0,0,0,0,0,0,0,0,0,0,0,0,0,0,0,0,0,0,0,0,0,0,0,0,0,0,0,0,0,0,0,0,0,0
O=P(=O)OO.O=P(=O)OO.[2H]C([2H])([2H])C([2H])([2H])N(CC)CCCC(C)Nc1ccnc2cc(Cl)ccc12.[HH].[HH],0,8.93287037037037,8.93287037037037,0.0,-3.042695473251028,0.1702395172771896,520.8985088900004,483.61200000000025,520.1666996540001,184,0,0.4958755681065371,-0.3819987587014788,0.4958755681065371,0.3819987587014788,1.28125,1.90625,2.4375,35.49569277372171,1.0069999999999957,2.370777816307734,-2.4729800915860074,2.384678046527101,-2.508501856732994,7.241411039015458,-0.40960383922196514,2.811909730594558,-9.247057868377707e-07,1089.7907813588097,28.811190308942113,22.303264528676102,19.84804785669439,17.097991535989095,11.578866555541435,11.647721258571327,6.009582548679463,7.667044152522455,3.84501072802967,4.346774497484075,2.4661432155009004,2.632486770542197,-1.6799999999999997,30408422.048838332,22.129039833515357,17.826200392012264,13.671860571733717,201.90320592111024,10.216698334856808,0.0,0.0,0.0,0.0,15.81469995164141,4.9839785209472085,28.77466392831885,0.0,9.34891032233576,25.37656920721882,63.61722121553018,38.04199711390107,5.516700717616262,47.83064316090498,44.00595104863855,0.0,9.883888251797686,0.0,39.5828505916769,24.903161100147425,35.48494515920084,0.0,0.0,5.316788604006331,5.687386274683562,0.0,27.415639841873926,46.02657236568028,27.60910346206108,0.0,43.248078672779286,30.462311845459514,5.022633313741326,10.902924932081056,0.0,155.36,29.163451753253035,0.0,0.0,8.895116958547204,24.532967748492485,23.01113282969063,4.899909730850478,13.1205807713037,24.26546827384644,26.57341464697992,47.22939659940248,79.20062291762106,6.021688598238552,5.715845246769495,19.1838551493948,1.7889508282205346,0.0,7.644170833510139,3.2032019775013705,-0.4136853454946343,-6.085390946502056,0.5,32,3,11,0,0,0,1,1,2,11,3,14,11,0,0,0,2,6.430400000000005,125.10130000000004,0,0,0,0,0,1,0,0,0,0,0,0,0,0,0,2,1,0,0,0,0,0,0,0,0,0,0,0,0,1,0,0,0,0,1,0,1,0,0,0,0,0,0,0,1,0,0,0,0,0,0,0,0,0,0,0,0,0,0,0,0,0,0,0,0,0,0,0,0,0,0,0,0,1,0,0,0,0,0,0,0,0,0,0,0
CC(C)CC(NC(=O)CNC(=O)c1cc(Cl)ccc1Cl)B(O)O,1,11.986642914882003,11.986642914882003,0.16008332808432035,-1.667198216446052,0.5500149223256271,361.034,341.88200000000006,360.081492848,126,0,0.4749645109706866,-0.42573609624437303,0.4749645109706866,0.42573609624437303,1.2608695652173914,1.9130434782608696,2.4782608695652173,35.49678786602216,9.74784103478841,2.256991008447986,-2.193387030178761,2.198159666371076,-2.4962171063170056,6.432665694017286,-0.120149415678689,2.4562620780473767,2.576602377245382,569.7082901720138,17.568549621822843,12.845167895456948,14.357025787493859,10.701285058155639,7.09095678310167,7.8468857291201255,5.524014294773423,6.367650201986014,3.0141465536749665,3.578831877502751,1.9481418949937466,2.323614866957159,-1.2750649350649346,69929.78136200881,19.770965121964508,9.126043062562799,6.7854121513002195,144.86131257662234,20.68162235814467,0.0,0.0,5.907179729351506,5.907179729351506,7.118392334224363,9.589074368143644,0.0,0.0,0.0,37.04935417984628,30.537828874472233,5.022633313741326,23.072033809216695,19.63711951827565,42.134631573392404,0.0,10.633577208012662,5.917906046161393,26.209488620173055,6.544756405912575,33.80781932456448,0.0,0.0,10.633577208012662,0.0,0.0,23.20187978046503,41.466745946837754,4.794537184071822,5.917906046161393,30.626284698076073,18.19910120538483,10.045266627482652,0.0,0.0,98.66000000000001,24.873944390793174,19.63711951827565,0.0,23.04874725751229,11.443454936667337,0.0,12.13273413692322,6.06636706846161,13.847474399381248,10.633577208012662,23.20187978046503,0.0,11.705622105248414,23.80657203570729,23.9518218694307,0.16008332808432035,-1.7046526538547946,4.4328936536480725,0.4002722654463273,3.470141168291282,-1.667198216446052,0.42857142857142855,23,4,6,0,0,0,1,0,1,4,4,9,7,0,0,0,1,1.2660999999999993,90.37250000000004,0,0,0,0,0,0,0,0,0,0,2,2,0,0,0,0,2,0,0,0,0,0,0,0,0,0,0,2,0,0,0,0,0,0,1,0,0,0,0,0,0,0,0,0,2,0,0,0,0,0,0,0,0,0,0,0,0,0,0,0,0,0,0,0,0,0,0,0,0,0,0,0,0,0,0,0,0,0,0,0,0,0,0,0,0
C[C@]12CC[C@H](O)C[C@H]1CC[C@@H]1[C@@H]2CC[C@]2(C)[C@@H](c3ccc(=O)oc3)C[C@H]3O[C@]132,0,11.441983389031115,11.441983389031115,0.02853434429327284,-0.2662370006259447,0.7351087678646945,384.51600000000013,352.2600000000001,384.23005950399994,152,0,0.33507878024590587,-0.4310276404296786,0.4310276404296786,0.33507878024590587,1.0357142857142858,1.8928571428571428,2.6785714285714284,16.619829863364764,9.437656963872099,2.8006756019875723,-2.6061486855863194,2.7744604508444994,-2.5786874490982608,5.3454629958374476,-0.1387781654964994,3.33417589755978,1.355031838792838,841.9111635084324,19.311190308942123,17.024965139090565,17.024965139090565,13.382630825830024,11.329811829151424,11.329811829151424,10.953379936795647,10.953379936795647,10.18512717074524,10.18512717074524,8.737978854138618,8.737978854138618,-1.13,5201527.787450701,17.705018990409446,5.513838584655861,2.01450030393748,166.21026543114206,14.260541285694103,5.601050810983688,0.0,0.0,0.0,5.625586319077987,0.0,4.794537184071822,0.0,0.0,13.847474399381248,92.08300619760905,11.48135753785839,18.471095771135662,14.260541285694103,0.0,0.0,0.0,28.58369907727774,88.94093701543103,0.0,34.37947212740908,0.0,0.0,5.625586319077987,0.0,0.0,0.0,22.915510981321,4.736862953800049,28.58369907727774,76.69540492064772,27.607585253687446,0.0,0.0,0.0,62.97,0.0,9.901064578912528,0.0,22.745593987206753,29.27267499562926,25.18037091493942,37.667559606327046,12.329530064100666,6.06636706846161,13.847474399381248,9.154013890853395,11.822931980679963,0.0,11.441983389031115,10.233210327522873,1.441994777424782,2.4759777260945173,3.5500090018901242,11.144620014296864,4.972606116393093,0.0,0.7916666666666666,28,1,4,4,1,5,0,1,1,4,1,4,1,4,1,5,6,4.258300000000004,104.94980000000005,0,1,1,0,0,0,0,0,0,0,0,0,0,0,0,0,0,0,0,0,0,0,0,0,0,0,0,0,0,0,0,0,0,0,0,0,3,0,0,1,0,1,0,0,0,0,0,0,0,0,0,0,0,0,0,0,0,0,0,0,0,0,0,0,0,0,0,0,0,0,0,0,0,0,0,0,0,0,0,0,0,0,0,0,0
Nc1cccc(-c2cc3c(Oc4cccc(O)c4)ncnc3[nH]2)c1,0,9.55236134393484,9.55236134393484,0.13177631096056452,0.13177631096056452,0.5003390334672705,318.336,304.224,318.11167568800005,118,0,0.23132378098498454,-0.5078227848571971,0.5078227848571971,0.23132378098498454,1.0,1.875,2.7083333333333335,16.488637079405127,10.127358518909476,2.1128103614771483,-2.047467591696272,2.314162754675346,-1.8929798897441397,5.869521979945996,0.44835929169483213,3.0022470349393995,1.7722176058475163,1026.395519859452,16.518297090128677,12.600742038049624,12.600742038049624,11.686673185801062,7.3542262770844005,7.3542262770844005,5.348996480305268,5.348996480305268,3.6188740981942757,3.6188740981942757,2.518772597827734,2.518772597827734,-3.54,543061.4549150133,14.077816035565789,5.584389258837705,2.6071244618332203,137.12338212498318,20.56103634675015,23.47352096210008,0.0,5.879988336435371,0.0,0.0,0.0,9.967957041894417,0.0,0.0,18.19910120538483,30.33183534230805,23.011132829690627,5.386224214464796,9.843390348640755,16.720787709916085,0.0,14.951935562841626,0.0,0.0,5.733667477162185,60.924623690919034,0.0,28.636391489548636,10.470530430962235,5.687386274683562,17.37901200300318,0.0,20.05846295768233,0.0,0.0,0.0,60.924623690919034,0.0,22.29078092177798,0.0,97.05000000000001,0.0,5.106527394840706,0.0,5.749511833283905,22.964063665170563,16.643603701010253,12.393687143226153,18.19910120538483,30.33183534230805,14.951935562841626,10.470530430962235,5.789588687326782,0.0,11.679661438649536,10.300757035544816,9.027585957362742,1.04724725242357,16.057839932295476,1.4306530297304105,0.0,0.0,0.0,24,4,6,0,0,0,2,2,4,5,3,6,3,0,0,0,4,3.705000000000002,91.91790000000002,0,0,0,1,0,3,1,1,0,0,0,0,0,0,0,2,1,1,0,0,0,1,0,0,0,0,0,0,0,1,0,0,0,0,2,0,1,0,0,0,0,1,0,0,0,0,0,0,0,0,0,0,0,0,0,0,0,0,0,0,0,0,0,0,0,1,1,0,0,0,0,0,0,0,0,0,0,0,0,0,0,0,0,0,0
CC1=CC(=NN1)NC2=CC(=NC(=N2)SC3=CC=C(C=C3)NC(=O)C4CC4)N5CCN(CC5)C,1,11.989515299025024,11.989515299025024,0.11382709612674113,0.11382709612674113,0.4568163085513304,464.59900000000033,436.3750000000003,464.21067851600003,172,0,0.22698329829314262,-0.3538504003611028,0.3538504003611028,0.22698329829314262,1.0606060606060606,1.8181818181818181,2.484848484848485,32.166599200661466,10.273881063656535,2.2905828351413584,-2.3295164128239128,2.3191728230034667,-2.444397927198783,7.987843939915747,-0.11683846812604773,3.579564568527281,1.3466040076453332,1119.7450047719242,22.785881803630286,18.836657129874183,19.653153710801906,16.013173026295988,11.220984138460665,12.03748071938839,8.635443346177276,9.676120383870348,5.760582689109852,6.633598848151386,3.634938780060626,4.401087541476048,-3.11,61462440.921374634,21.720902244699992,9.40165901420201,5.634264073709728,196.9239321338231,20.433396669713616,11.635725555670057,10.974299259655735,5.907179729351506,0.0,0.0,9.893218992372859,9.967957041894417,5.098681808301038,0.0,0.0,62.84040565145739,60.5064635517847,0.0,4.794537184071822,40.810039286931264,0.0,25.06523038934697,5.917906046161393,29.817300402881123,48.760184545190626,42.09213040561812,0.0,0.0,15.53348693886314,23.140974608188646,0.0,11.761884949391115,64.19910772502595,4.794537184071822,12.841643245852017,18.53557124070048,46.45012236810814,0.0,0.0,0.0,102.07,0.0,4.794537184071822,0.0,11.8250857755129,10.974299259655735,66.93319217022217,11.761884949391115,0.0,43.321939610460284,37.67843226899288,9.967957041894417,0.0,1.5022444780381286,27.190171224775696,14.15438450822969,1.7999309621692625,2.6426656799007016,11.762581410623577,1.9900142093847097,5.816908790066738,2.1410987368114913,0.391304347826087,33,3,9,1,1,2,1,2,3,8,3,10,7,1,1,2,5,3.5032200000000016,130.26810000000003,0,0,0,0,0,4,1,0,0,0,1,1,0,0,0,5,3,0,0,1,0,1,0,0,0,0,0,1,0,4,1,0,0,0,1,0,0,0,0,0,0,0,0,0,0,0,0,0,0,0,0,0,0,0,0,0,0,0,0,0,0,0,0,0,0,0,0,0,0,0,1,0,0,0,0,0,0,0,0,0,0,0,0,0,0
Cc1sc2c(c1C)C(c1ccc(Cl)cc1)=N[C@@H](CC(=O)Nc1ccc(O)cc1)c1nnc(C)n1-2,0,12.999353798541659,12.999353798541659,0.08637918696285096,-0.5386118459729576,0.3667496040525896,492.00400000000025,469.82800000000026,491.11827362400004,172,0,0.22650520864232565,-0.5079643157925577,0.5079643157925577,0.22650520864232565,1.088235294117647,1.7941176470588236,2.5,35.49569240225733,9.994483940350742,2.319510496745676,-2.1299004575287723,2.3925402601241386,-2.1692621364939337,7.147376006283097,-0.11611750339355156,3.28133511773486,1.609537766765938,1421.0146305905755,23.982398705266426,18.833788235329923,20.406213762276103,16.312570843487293,10.768012371941206,11.962473425878159,8.203795084923282,9.843425777389976,5.8869495679798804,7.331345815615636,4.064904942137663,5.4048302655515155,-3.4899999999999998,60112851.82557931,22.309544746205127,8.699205846690393,3.9928735115277347,205.32290084184453,10.423315998847038,22.616839137119662,5.824404497999927,5.907179729351506,0.0,0.0,14.354041564498846,0.0,0.0,21.534149494536813,23.733674027155736,62.73286550153853,26.71406976552018,12.132506625696712,9.901064578912528,40.24397677497302,0.0,14.76446326439343,4.992404732635669,33.23387405114585,5.316788604006331,86.76988052622634,0.0,10.750593809971772,5.316788604006331,5.687386274683562,5.749511833283905,22.937725768167255,31.489855391356347,4.794537184071822,20.771211599071872,45.67897311686612,53.52334128032855,5.022633313741326,5.001081976687867,0.0,92.4,6.041840829147961,9.901064578912528,0.0,18.07751318556142,16.534424086424814,33.227525952549485,17.00988133062452,23.469520014857956,35.75630512132842,29.361626619989654,16.593344622868184,2.0187697326745546,7.820195197901582,19.28588752751466,22.770648693821304,4.492240114966938,1.3041044707982412,13.407406605988925,0.08637918696285096,6.0921462471487215,0.0,0.2,34,2,7,0,1,1,2,2,4,7,2,9,4,0,0,0,5,5.533960000000006,134.63249999999994,0,0,0,0,0,3,0,1,0,0,1,1,0,0,1,4,1,0,0,0,0,0,0,0,0,0,0,1,0,1,2,0,0,0,2,0,3,0,0,0,0,0,0,0,1,0,0,0,0,0,0,0,0,0,0,0,0,0,0,0,0,0,0,0,0,1,1,0,0,0,0,0,0,0,0,0,0,0,0,0,0,0,1,0,0
CC(C)(C)c1nc[nH]c1/C=c1\[nH]c(=O)/c(=C/c2ccccc2)[nH]c1=O,0,12.358427658100275,12.358427658100275,0.18063723788467811,-0.36459230914588026,0.6441645741486137,336.39500000000004,316.23500000000007,336.15862588,128,0,0.27190520856396516,-0.34479964740356067,0.34479964740356067,0.27190520856396516,0.92,1.52,2.12,16.14511127569206,9.904845273877498,2.19188272545325,-2.1561267877238683,2.2225031822169248,-2.4642759104375362,5.488885792913273,0.5708281831514074,3.0155640768144942,2.141739227957219,1112.95639258907,18.026733258565958,14.382512329944694,14.382512329944694,11.842355158540421,7.994113253458027,7.994113253458027,6.849775686160623,6.849775686160623,3.7641336788723914,3.7641336788723914,2.5683071313870065,2.5683071313870065,-3.1499999999999995,474613.5989216796,16.698858826786914,6.392176549196735,3.6830182734719603,143.54718671757755,14.951935562841626,10.698252957512668,0.0,0.0,11.118533790104015,0.0,9.589074368143644,4.9839785209472085,0.0,0.0,51.10304694137992,17.71549170536476,5.41499046939678,17.715176064461463,0.0,12.152040213667762,0.0,19.935914083788834,0.0,26.186202068468653,0.0,85.01632401422685,0.0,0.0,21.816786747616685,0.0,0.0,0.0,19.935914083788834,5.41499046939678,0.0,37.72251908046579,46.24822978521623,0.0,12.152040213667762,0.0,94.4,0.0,9.589074368143644,0.0,27.231777217013462,5.693927994848461,11.257379486545457,0.0,18.479360288432304,51.10304694137992,19.935914083788834,0.0,0.0,0.0,37.27745588444485,0.401821525678173,1.46551665962474,0.0,9.341922098583666,4.830528234441925,6.099422263893314,0.0,0.21052631578947367,25,3,6,0,0,0,1,2,3,3,3,6,2,0,0,0,3,0.7413999999999987,97.79710000000003,0,0,0,0,0,4,3,0,0,0,0,0,0,0,0,1,3,0,0,0,0,3,0,0,0,0,0,0,0,0,0,0,0,0,1,0,0,0,0,0,0,0,0,0,0,0,0,1,0,0,0,0,0,0,0,0,0,0,0,0,0,0,0,0,0,0,0,0,0,0,0,0,0,0,0,0,0,0,0,0,0,0,0,0,0
CN(C)C(=O)c1cc2cnc(Nc3ccc(N4CCNCC4)cn3)nc2n1C1CCCC1,0,12.853349404985364,12.853349404985364,0.005020978659562747,-0.005020978659562747,0.6380121763709555,434.54800000000023,404.30800000000016,434.25425758000006,168,0,0.2695506662236491,-0.36774019238087546,0.36774019238087546,0.2695506662236491,1.125,1.90625,2.59375,16.153164724297984,10.211179168625984,2.261291136092669,-2.286463897230791,2.345027251626792,-2.4306904839502232,5.974792664860927,0.0815099875521114,3.4678713943236503,1.4330482668081452,1095.1319192384735,22.078775022443736,18.712485728093746,18.712485728093746,15.597356788324024,11.383445422523323,11.383445422523323,8.773684614205692,8.773684614205692,6.360895143513275,6.360895143513275,4.678689877177839,4.678689877177839,-3.2,38961340.91442813,20.688756692444976,8.738936643266053,3.997802000788842,187.3967945811128,25.00049631750497,17.158967993451217,0.0,5.948339280986494,5.907179729351506,0.0,4.794537184071822,9.967957041894417,4.9839785209472085,0.0,12.841643245852019,31.04074445123685,57.8992782042305,11.884229846296638,4.794537184071822,34.39416949808911,0.0,29.735733545489786,0.0,31.725127320852,50.491067923861486,36.286716343459446,0.0,0.0,15.533486938863138,17.453588333505085,0.0,0.0,70.60049425983964,0.0,0.0,42.21359249977229,30.59278834861098,0.0,11.033401435232523,0.0,91.21000000000001,0.0,4.794537184071822,0.0,5.907179729351506,23.501970882817947,55.74145657941841,12.841643245852019,25.192097267817935,18.3295777085363,36.13491069701052,4.9839785209472085,2.1234573904448473,0.0,30.648067316938725,7.482140406643763,2.605792617434448,1.1828677370118914,6.251694992332688,8.177035839835158,3.958734201390538,3.570209497967942,0.4782608695652174,32,2,9,1,1,2,0,3,3,8,2,9,5,1,1,2,5,2.7964,125.65290000000006,0,0,0,0,0,4,0,0,0,0,1,1,0,0,0,6,2,0,0,0,0,0,0,0,0,0,0,1,0,3,0,0,0,0,0,0,1,0,0,0,0,0,0,0,0,0,0,0,0,0,0,0,0,0,0,0,0,0,0,0,0,0,0,0,0,0,0,0,0,0,1,0,0,1,0,0,0,0,0,0,0,0,0,0,0
C1=CC=C2C(=C1)C3=CC=CC=C3[I+]2.[Cl-],0,2.2664814814814815,2.2664814814814815,0.0,0.0,0.3835832773821655,314.553,306.4889999999999,313.935925936,70,0,0.35878552783653184,-1.0,1.0,0.35878552783653184,0.6428571428571429,1.0714285714285714,1.5714285714285714,126.92140738778899,10.068819284791342,2.3128753378668607,-1.9104302433131588,2.2054080408029195,-3.6058601724614303,5.636877569636929,-0.5894455562897045,2.559015159153801,7.499998141667139e-07,421.88383795532053,8.673362107437432,7.374731099535461,10.28815833673024,6.449489742783178,4.28266501138848,6.440163302564802,3.0541836743635202,5.917939611932569,2.2414858206871346,5.285033282520878,1.6337430843854384,4.55635382582055,-0.5399999999999996,2395.2381889679577,9.99411997421226,3.9090931450537925,1.4447160636190053,100.02147440356381,12.407033161179976,0.0,0.0,7.140364542130793,0.0,21.20510112887405,0.0,0.0,0.0,0.0,24.26546827384644,24.26546827384644,11.126902983393991,0.0,33.61213429005402,0.0,0.0,0.0,0.0,0.0,0.0,55.67130108982367,0.0,11.126902983393991,33.61213429005402,0.0,0.0,0.0,0.0,0.0,7.140364542130793,0.0,48.53093654769288,0.0,11.126902983393991,0.0,0.0,0.0,0.0,0.0,33.61213429005402,0.0,0.0,11.126902983393991,7.140364542130793,0.0,48.53093654769288,0.0,3.143518518518519,0.10276296296296317,0.0,0.0,2.927592592592593,0.0,17.552792592592592,0.0,0.0,0.0,0.0,14,0,0,0,1,1,2,0,2,0,0,2,0,0,0,0,3,-3.200599999999999,49.27200000000002,0,0,0,0,0,0,0,0,0,0,0,0,0,0,0,0,0,0,0,0,0,0,0,0,0,0,0,0,0,0,0,0,0,0,2,0,3,0,0,0,0,0,0,0,2,0,0,0,0,0,0,0,0,0,0,0,0,0,0,0,0,0,0,0,0,0,0,0,0,0,0,0,0,0,0,0,0,0,0,0,0,0,0,0,0
NC(=O)c1ccc(N(C(N)=O)c2c(F)cccc2F)nc1-c1ccc(F)cc1F,0,14.26477143714337,14.26477143714337,0.2660332157554375,-1.2927286470143613,0.6494515417953364,404.32300000000004,392.2270000000001,404.089638504,148,0,0.32479520084646407,-0.3655307008531047,0.3655307008531047,0.32479520084646407,0.8620689655172413,1.5172413793103448,2.0689655172413794,19.148280657706714,10.041956508440926,2.2585777347643408,-2.215589785196774,2.325667101714838,-2.3343635585093874,6.01312780654101,0.10003536064712627,2.6373012771575444,2.2714442473766185,1116.9371562747135,21.292164260954436,14.49628435586081,14.49628435586081,13.70128505815564,8.002295904513677,8.002295904513677,5.79794989396977,5.79794989396977,3.9428970340907705,3.9428970340907705,2.699327119994043,2.699327119994043,-3.949999999999998,2251395.5304761897,19.801739948954665,7.582817736606527,3.722039985962578,160.91992461738602,11.46733495432437,34.77413241670217,0.0,0.0,5.907179729351506,6.031114512338072,4.794537184071822,32.240085626568785,0.0,0.0,6.06636706846161,36.39820241076966,11.629818560158606,11.257379486545457,27.150734558842927,23.443543294208165,0.0,4.9839785209472085,11.46733495432437,0.0,4.899909730850478,77.36327140357346,0.0,11.257379486545457,16.36724468517485,33.86144642728969,0.0,0.0,16.922272762636787,0.0,23.26888336418358,10.357988675768818,48.53093654769288,0.0,11.257379486545457,0.0,102.31000000000002,46.71242665839175,27.150734558842927,0.0,16.82083097824245,10.966276799312087,42.46456947923127,0.0,0.0,0.0,4.9839785209472085,11.46733495432437,55.8919944270681,0.0,28.049976890460297,0.0,8.784531165083115,-5.579680297356163,6.186511148077983,0.0,0.0,0.0,0.0,29,4,6,0,0,0,2,1,3,3,2,10,4,0,0,0,3,3.620700000000001,96.18730000000001,0,0,0,0,0,1,0,0,0,0,2,2,0,0,0,2,0,2,0,0,0,0,0,0,0,0,0,3,0,2,0,0,0,0,2,0,0,0,0,0,0,0,0,0,4,0,0,0,0,0,0,0,0,0,0,0,0,0,0,0,0,0,0,0,1,0,0,0,0,0,0,2,0,1,0,0,0,0,0,0,0,0,0,0,1
